ind,Field_ID,FishEC_num,sampling_year,sampling_month,sampling_loc,seq_library,SL_mm,TL_mm,mass_g,juvenile,data_type,raw_reads,assem_reads,assem_pct,pheno_ID,final_ID,assign_k2,assign_k3,assign_k4,assign_k5,assign_k6
CEW16_023,CEW16_023,#N/A,2016,July,Kigoma,lates01,NA,NA,15.2,Y,GBS,1442804,1346528,93.30%,Juv,Lmic,X2,X3,X1,X5,X4
CEW16_029,CEW16_029,#N/A,2016,July,Kigoma,lates01,NA,NA,NA,N,GBS,2160207,1986656,92.00%,Lang,Lang,X1,X3,X2,X3,X2
CEW16_034,CEW16_034,#N/A,2016,July,Kigoma,lates01,NA,NA,NA,N,GBS,1888963,1722084,91.20%,Lsta,Lsta,X2,NA,NA,NA,NA
CEW16_135,CEW16_135,#N/A,2016,July,Kigoma,lates01,NA,NA,14.9,N,GBS,1896877,1728720,91.10%,Lsta,Lsta,NA,NA,NA,NA,NA
CEW17_120,CEW17_120,#N/A,2017,May,Kigoma,lates01,87.7,98.7,737,N,GBS,330239,267467,81.00%,Lang,NA,NA,NA,NA,NA,NA
CEW17_123,CEW17_123,#N/A,2017,May,Kigoma,lates01,NA,NA,117,N,GBS,1744146,1557798,89.30%,Lsta,NA,NA,NA,NA,NA,NA
CEW17_126,CEW17_126,#N/A,2017,May,Kigoma,lates01,NA,NA,137,N,GBS,2127087,1915131,90.00%,Lsta,NA,NA,NA,NA,NA,NA
CEW17_150,CEW17_150,#N/A,2017,May,Kigoma,lates01,NA,NA,416,N,GBS,2019438,1831997,90.70%,Lsta,Lsta,X2,NA,NA,NA,NA
CEW17_153,CEW17_153,#N/A,2017,May,Kigoma,lates01,NA,NA,134,N,GBS,1413586,1196744,84.70%,Lsta,Lsta,X2,NA,NA,NA,NA
CEW17_155,CEW17_155,#N/A,2017,May,Kigoma,lates01,NA,NA,144,N,GBS,2566656,2342748,91.30%,Lsta,Lsta,X1,NA,NA,NA,NA
CEW18_223,CEW18_223,#N/A,2018,July,Mpinbwe,lates03,NA,NA,NA,N,GBS,901590,848779,94.10%,Lsta,Lsta,X2,NA,NA,NA,NA
CEW18_224,CEW18_224,#N/A,2018,July,Mpinbwe,lates03,NA,NA,NA,N,GBS,651512,612140,94.00%,Lsta,Lsta,X1,NA,NA,NA,NA
CEW18_225,CEW18_225,#N/A,2018,July,Mpinbwe,lates03,NA,NA,NA,N,GBS,1175000,1115519,94.90%,Lsta,Lsta,X1,NA,NA,NA,NA
CEW18_226,CEW18_226,#N/A,2018,July,Mpinbwe,lates03,NA,NA,NA,N,GBS,946971,892568,94.30%,Lsta,Lsta,X2,NA,NA,NA,NA
CEW18_227,CEW18_227,#N/A,2018,July,Mpinbwe,lates03,NA,NA,NA,N,GBS,719459,675989,94.00%,Lsta,Lsta,X2,NA,NA,NA,NA
CEW18_228,CEW18_228,#N/A,2018,July,Mpinbwe,lates03,NA,NA,NA,N,GBS,855767,806015,94.20%,Lsta,Lsta,X1,NA,NA,NA,NA
CEW18_229,CEW18_229,#N/A,2018,July,Mpinbwe,lates03,NA,NA,NA,N,GBS,30238,28588,94.50%,Lsta,NA,NA,NA,NA,NA,NA
CEW18_230,CEW18_230,#N/A,2018,July,Mpinbwe,lates03,NA,NA,NA,N,GBS,1499917,1427788,95.20%,Lsta,Lsta,X1,NA,NA,NA,NA
CEW18_231,CEW18_231,#N/A,2018,July,Mpinbwe,lates03,NA,NA,NA,N,GBS,854104,806557,94.40%,Lsta,Lsta,X1,NA,NA,NA,NA
CEW18_232,CEW18_232,#N/A,2018,July,Mpinbwe,lates03,NA,NA,NA,N,GBS,1198942,1131770,94.40%,Lsta,Lsta,X1,NA,NA,NA,NA
CEW18_234,CEW18_234,#N/A,2018,July,Mpinbwe,lates03,NA,NA,NA,N,GBS,1133111,1074305,94.80%,Lsta,Lsta,X2,NA,NA,NA,NA
CEW19_132,CEW19_132,#N/A,2019,July,S_Mahale,lates03,NA,NA,NA,N,GBS,1033269,975760,94.40%,Lsta,Lsta,X2,NA,NA,NA,NA
CEW19_134,CEW19_134,#N/A,2019,July,S_Mahale,lates03,NA,NA,NA,N,GBS,746632,703234,94.20%,Lmic,Lmic,X2,X3,X4,X2,X5
CEW19_135,CEW19_135,#N/A,2019,July,S_Mahale,lates03,NA,NA,NA,N,GBS,1733211,1635449,94.40%,Lang,Lang,X2,X2,X4,X1,X1
FISHEC17_138942,IKO_81,138942,2017,September,Ikola,lates03,447,480,1108,N,GBS,1012974,868054,85.70%,Lmar,Lmar,X2,X1,X3,X2,X3
FISHEC17_139054,KIP_85,139054,2017,September,Kirando,lates03,765,895,6500,N,GBS,1420899,1332305,93.80%,Lang,Lang,X1,X3,X4,X1,X1
FISHEC17_139055,KIP_86,139055,2017,September,Kirando,lates03,740,847,5500,N,GBS,1270673,1193694,93.90%,Lmic,Lmic,X2,X3,X4,X2,X5
FISHEC17_139056,KIP_87,139056,2017,September,Kirando,lates03,495,564,1300,N,GBS,32093,29786,92.80%,Lang,NA,NA,NA,NA,NA,NA
FISHEC17_139057,KIP_88,139057,2017,September,Kirando,lates03,470,540,1543,N,GBS,352769,329956,93.50%,Lang,NA,NA,NA,NA,NA,NA
FISHEC17_139058,KIP_89,139058,2017,September,Kirando,lates03,280,330,303,N,GBS,2227893,2090595,93.80%,Lmic,Lmic,X2,X3,X4,X2,X5
FISHEC17_139129,KAS_55,139129,2017,September,Kasanga,lates03,470,540,1447,N,GBS,1270780,1191486,93.80%,Lmar,Lmar,X2,X1,X3,X2,X2
FISHEC17_139255,KAG_89,139255,2017,September,Kagunga,lates03,170,197,78,Y,GBS,830037,777416,93.70%,Lmar,NA,NA,NA,NA,NA,NA
FISHEC17_139256,KAG_90,139256,2017,September,Kagunga,lates03,144,171,44,Y,GBS,1202846,1130139,94.00%,Lmar,Lmar,X2,X1,X3,X2,X2
FISHEC17_139257,KAG_91,139257,2017,September,Kagunga,lates03,149,172,46,Y,GBS,1511884,1379778,91.30%,Lmar,Lmar,X2,X2,X4,X1,X1
FISHEC17_139258,KAG_92,139258,2017,September,Kagunga,lates03,143,160,45,Y,GBS,1142110,1071065,93.80%,Lmar,Lmar,X2,X1,X3,X2,X2
FISHEC17_139259,KAG_93,139259,2017,September,Kagunga,lates03,151,173,53,Y,GBS,852388,793208,93.10%,Lmar,NA,NA,NA,NA,NA,NA
FISHEC17_139260,KAG_94,139260,2017,September,Kagunga,lates03,155,NA,59,Y,GBS,811142,619124,76.30%,Juv,NA,NA,NA,NA,NA,NA
FISHEC17_139261,KAG_95,139261,2017,September,Kagunga,lates03,145,161,41,Y,GBS,649035,611572,94.20%,Juv,NA,NA,NA,NA,NA,NA
FISHEC17_139263,KAG_97,139263,2017,September,Kagunga,lates03,134,157,32,Y,GBS,1204021,1125102,93.40%,Juv,Lmar,X2,X1,X3,X2,X2
FISHEC17_139265,KAG_99,139265,2017,September,Kagunga,lates03,151,160,56,Y,GBS,1070823,967410,90.30%,Juv,NA,NA,NA,NA,NA,NA
FISHEC17_139266,KAG_100,139266,2017,September,Kagunga,lates03,143,173,48,Y,GBS,914637,837915,91.60%,Juv,NA,NA,NA,NA,NA,NA
FISHEC17_139267,KAG_101,139267,2017,September,Kagunga,lates03,139,164,46,Y,GBS,1494860,1403840,93.90%,Lmar,Lmar,X2,X1,X3,X2,X2
FISHEC17_139268,KAG_102,139268,2017,September,Kagunga,lates03,443,450,1134,N,GBS,1389299,1310558,94.30%,Lang,Lang,X1,X1,X2,X4,X2
FISHEC17_139339,KIB_16,139339,2017,September,Kigoma,lates03,221,257,160.2,Y,GBS,1097942,1030251,93.80%,Lang,Lang,X2,X2,X4,X1,X1
FISHEC17_139340,KIB_17,139340,2017,September,Kigoma,lates03,193,225,109.6,Y,GBS,756556,707050,93.50%,Lmar,NA,NA,NA,NA,NA,NA
FISHEC17_139342,KIB_19,139342,2017,September,Kigoma,lates03,270,312,281.2,Y,GBS,787226,737830,93.70%,Juv,Lmic,X2,X3,X4,X2,X5
FISHEC17_139343,KIB_20,139343,2017,September,Kigoma,lates03,350,405,559,N,GBS,1119617,1047473,93.60%,Lang,Lang,X1,X1,X2,X1,X1
JAR18_139366,KAG_111,139366,2018,May,Kigoma,lates03,NA,NA,NA,N,GBS,1413460,1327731,93.90%,Lang,Lmar,X2,X1,X4,X1,X1
JAR18_139367,KAG_112,139367,2018,May,Kigoma,lates03,NA,NA,NA,N,GBS,1240765,1016910,82.00%,Lang,NA,NA,NA,NA,NA,NA
JAR18_139368,KAG_113,139368,2018,May,Kigoma,lates03,NA,NA,NA,N,GBS,1347162,1254336,93.10%,Lang,Lang,X1,X1,X2,X1,X3
JAR18_139371,#N/A,139371,2018,May,Kigoma,lates03,NA,NA,NA,N,GBS,722550,422093,58.40%,Lang,NA,NA,NA,NA,NA,NA
JAR18_139372,#N/A,139372,2018,May,Kigoma,lates03,NA,NA,NA,N,GBS,1142540,987541,86.40%,Lang,NA,NA,NA,NA,NA,NA
JAR18_139373,#N/A,139373,2018,May,Kigoma,lates03,NA,NA,NA,N,GBS,1315434,598999,45.50%,Lang,NA,NA,NA,NA,NA,NA
JAR18_139374,#N/A,139374,2018,May,Kigoma,lates03,NA,NA,NA,N,GBS,613029,379054,61.80%,Lmar,NA,NA,NA,NA,NA,NA
JAR18_139384,#N/A,139384,2018,May,Kigoma,lates03,NA,NA,NA,N,GBS,1360241,1257021,92.40%,Lmic,Lmic,X2,X3,X4,X2,X5
JAR18_139387,#N/A,139387,2018,May,Kagunga,lates03,205,240,88,N,GBS,778913,611801,78.50%,Lsta,Lsta,X1,NA,NA,NA,NA
JAR18_139388,#N/A,139388,2018,May,Kagunga,lates03,226,264,117,N,GBS,1339618,1236048,92.30%,Lsta,Lsta,X2,NA,NA,NA,NA
JAR18_139390,#N/A,139390,2018,May,Kagunga,lates03,162,221,77,N,GBS,899623,590671,65.70%,Lsta,Lsta,X2,NA,NA,NA,NA
JAR18_139392,#N/A,139392,2018,May,Kagunga,lates03,216,251,109,N,GBS,1511870,839100,55.50%,Lsta,Lsta,X2,NA,NA,NA,NA
JAR18_139394,#N/A,139394,2018,May,Kagunga,lates03,189,233,86,N,GBS,1296185,1073928,82.90%,Lsta,Lsta,X2,NA,NA,NA,NA
JAR18_139395,#N/A,139395,2018,May,Kagunga,lates03,295,336,262,N,GBS,707505,656878,92.80%,Lsta,Lsta,X2,NA,NA,NA,NA
JAR18_139396,#N/A,139396,2018,May,Kagunga,lates03,248,285,173,N,GBS,1626690,1525319,93.80%,Lsta,Lsta,X2,NA,NA,NA,NA
JAR18_139397,#N/A,139397,2018,May,Kagunga,lates03,254,302,182,N,GBS,780295,709782,91.00%,Lsta,Lsta,X1,NA,NA,NA,NA
JAR18_139398,#N/A,139398,2018,May,Kagunga,lates03,209,250,104,N,GBS,785334,323690,41.20%,Lsta,NA,NA,NA,NA,NA,NA
JAR18_139399,#N/A,139399,2018,May,Kagunga,lates03,271,310,192,N,GBS,827268,769501,93.00%,Lsta,Lsta,X2,NA,NA,NA,NA
JAR18_139400,#N/A,139400,2018,May,Kagunga,lates03,278,311,209,N,GBS,1765277,1642482,93.00%,Lsta,Lsta,X2,NA,NA,NA,NA
JAR18_139402,#N/A,139402,2018,May,Kagunga,lates03,181,216,75,N,GBS,1003581,874691,87.20%,Lsta,Lsta,X1,NA,NA,NA,NA
JAR18_139403,#N/A,139403,2018,May,Kagunga,lates03,210,243,97,N,GBS,777788,619484,79.60%,Lsta,NA,NA,NA,NA,NA,NA
JAR18_139404,#N/A,139404,2018,May,Kagunga,lates03,228,265,130,N,GBS,1002173,638749,63.70%,Lsta,NA,NA,NA,NA,NA,NA
JAR18_139405,#N/A,139405,2018,May,Kagunga,lates03,213,246,103,N,GBS,365983,215784,59.00%,Lsta,NA,NA,NA,NA,NA,NA
JAR18_139406,#N/A,139406,2018,May,Kagunga,lates03,252,288,144,N,GBS,811642,744982,91.80%,Lsta,Lsta,X2,NA,NA,NA,NA
JAR18_139407,#N/A,139407,2018,May,Kagunga,lates03,223,255,125,N,GBS,709611,658660,92.80%,Lsta,Lsta,X1,NA,NA,NA,NA
JAR18_139408,#N/A,139408,2018,May,Kagunga,lates03,164,221,81,N,GBS,1271301,1105637,87.00%,Lsta,Lsta,X1,NA,NA,NA,NA
JAR18_139409,#N/A,139409,2018,May,Kagunga,lates03,273,314,180,N,GBS,1186254,1095668,92.40%,Lsta,Lsta,X1,NA,NA,NA,NA
JAR18_139410,#N/A,139410,2018,May,Kagunga,lates03,203,233,75,N,GBS,977803,862608,88.20%,Lsta,Lsta,X2,NA,NA,NA,NA
JAR18_139411,#N/A,139411,2018,May,Kagunga,lates03,104,228,72,N,GBS,507042,400413,79.00%,Lsta,NA,NA,NA,NA,NA,NA
JAR18_139412,#N/A,139412,2018,May,Kagunga,lates03,206,233,88,N,GBS,974133,856543,87.90%,Lsta,Lsta,X1,NA,NA,NA,NA
JAR18_139413,#N/A,139413,2018,May,Kagunga,lates03,182,209,62,N,GBS,838785,721701,86.00%,Lsta,NA,NA,NA,NA,NA,NA
JAR18_139527,#N/A,139527,2018,May,Kigoma,lates03,316,369,424,N,GBS,1232781,1161136,94.20%,Lmar,Lmar,X2,X1,X3,X2,X2
JAR18_139528,#N/A,139528,2018,May,Kigoma,lates03,111,132,15,Y,GBS,900307,780797,86.70%,Juv,Lmic,X2,X3,X4,X2,X5
JAR18_139852,#N/A,139852,2018,May,Kirando,lates03,220,256,103,N,GBS,924473,863850,93.40%,Lsta,Lsta,X1,NA,NA,NA,NA
JAR18_139853,#N/A,139853,2018,May,Kirando,lates03,195,226,73,N,GBS,1097009,956287,87.20%,Lsta,NA,NA,NA,NA,NA,NA
JAR18_139858,#N/A,139858,2018,May,Kirando,lates03,191,225,88,N,GBS,1400400,1305162,93.20%,Lsta,NA,NA,NA,NA,NA,NA
JAR18_139859,#N/A,139859,2018,May,Kirando,lates03,204,239,81,N,GBS,633147,576307,91.00%,Lsta,NA,NA,NA,NA,NA,NA
JAR18_139862,#N/A,139862,2018,May,Kirando,lates03,198,230,75,N,GBS,1266206,1145897,90.50%,Lsta,NA,NA,NA,NA,NA,NA
JAR18_139867,#N/A,139867,2018,May,Kirando,lates03,192,223,77,N,GBS,438729,410354,93.50%,Lsta,NA,NA,NA,NA,NA,NA
JAR18_139891,#N/A,139891,2018,May,Kirando,lates03,NA,NA,NA,N,GBS,1643525,1545493,94.00%,Lmar,Lang,X2,X2,X4,X1,X1
JAR18_139895,#N/A,139895,2018,May,Kirando,lates03,600,695,2900,N,GBS,1217405,1134479,93.20%,Lmar,Lmar,X2,X1,X3,X2,X3
JAR18_139897,#N/A,139897,2018,May,Kirando,lates03,391,482,1023,N,GBS,1177054,1096512,93.20%,Lmar,Lmar,X2,X1,X3,X2,X3
JAR18_139899,#N/A,139899,2018,May,Kirando,lates03,428,502,1370,N,GBS,1442052,1339796,92.90%,Lmar,Lmar,X2,X1,X3,X2,X3
JAR18_139900,#N/A,139900,2018,May,Kirando,lates03,325,365,679,N,GBS,1581481,1447506,91.50%,Lang,Lang,X2,X2,X4,X1,X1
JAR18_139901,#N/A,139901,2018,May,Kirando,lates03,209,247,139,Y,GBS,55496,52458,94.50%,Lmar,NA,NA,NA,NA,NA,NA
JAR18_139902,#N/A,139902,2018,May,Kirando,lates03,448,502,1365,N,GBS,1584765,1472993,92.90%,Lang,Lang,X1,X1,X2,X5,X6
JAR18_139903,#N/A,139903,2018,May,Kirando,lates03,605,704,4000,N,GBS,1412423,1317044,93.20%,Lang,Lang,X1,X2,X4,X1,X1
JAR18_139906,#N/A,139906,2018,May,Kirando,lates03,220,260,164,Y,GBS,862363,376734,43.70%,Lmar,NA,NA,NA,NA,NA,NA
JAR18_139907,#N/A,139907,2018,May,Kirando,lates03,256,292,211,Y,GBS,768642,624870,81.30%,Lmar,NA,NA,NA,NA,NA,NA
JAR18_139914,#N/A,139914,2018,May,Kirando,lates03,594,748,2900,N,GBS,1539679,1429927,92.90%,Lmic,Lmic,X2,X1,X4,X2,X5
JAR18_139921,#N/A,139921,2018,May,Kirando,lates03,590,670,3200,N,GBS,177180,113500,64.10%,Lmar,NA,NA,NA,NA,NA,NA
JAR18_139922,#N/A,139922,2018,May,Wampembe,lates03,600,700,4450,N,GBS,1140184,1029655,90.30%,Lang,NA,NA,NA,NA,NA,NA
JAR18_139923,#N/A,139923,2018,May,Wampembe,lates03,501,509,2000,N,GBS,1397254,1295919,92.70%,Lmar,Lmar,X2,X2,X4,X1,X1
JAR18_139924,#N/A,139924,2018,May,Wampembe,lates03,405,501,1000,N,GBS,832266,641991,77.10%,Lang,NA,NA,NA,NA,NA,NA
JAR18_139925,#N/A,139925,2018,May,Wampembe,lates03,409,505,2000,N,GBS,1047760,963669,92.00%,Lang,Lang,X1,X1,X2,X5,X5
JAR18_139926,#N/A,139926,2018,May,Wampembe,lates03,409,500,1300,N,GBS,1143684,1065980,93.20%,Lang,Lang,X1,X1,X2,X5,X5
JAR18_139927,#N/A,139927,2018,May,Wampembe,lates03,500,508,1200,N,GBS,985084,863485,87.70%,Lmar,NA,NA,NA,NA,NA,NA
JAR18_139928,#N/A,139928,2018,May,Wampembe,lates03,401,407,1000,N,GBS,1149964,1065694,92.70%,Lmar,NA,NA,NA,NA,NA,NA
JAR18_139929,#N/A,139929,2018,May,Wampembe,lates03,440,447,737,N,GBS,1208711,1140988,94.40%,Lsta,NA,NA,NA,NA,NA,NA
JAR18_139930,#N/A,139930,2018,May,Wampembe,lates03,215,250,148,Y,GBS,869535,815559,93.80%,Lang,Lang,X2,X2,X4,X1,X1
JAR18_139931,#N/A,139931,2018,May,Wampembe,lates03,218,250,148,Y,GBS,821028,770369,93.80%,Lang,Lang,X2,X2,X4,X1,X1
JAR18_139932,#N/A,139932,2018,May,Wampembe,lates03,140,160,39,Y,GBS,1024820,949251,92.60%,Juv,Lmar,X2,X2,X4,X1,X1
JAR18_139933,#N/A,139933,2018,May,Wampembe,lates03,170,200,70,Y,GBS,949494,891798,93.90%,Lmar,Lmar,X2,X2,X4,X1,X1
JAR18_139934,#N/A,139934,2018,May,Wampembe,lates03,153,179,97,Y,GBS,1324956,1248567,94.20%,Lang,Lmar,X2,X2,X4,X1,X1
JAR18_139935,#N/A,139935,2018,May,Wampembe,lates03,102,123,11,Y,GBS,1174003,1104630,94.10%,Lmar,Lmar,X2,X2,X4,X1,X1
JAR18_139936,#N/A,139936,2018,May,Wampembe,lates03,140,161,37,Y,GBS,1023064,960753,93.90%,Lmar,Lmar,X2,X1,X3,X2,X2
JAR18_139937,#N/A,139937,2018,May,Wampembe,lates03,165,191,73,Y,GBS,1019373,957376,93.90%,Lmar,Lmar,X2,X2,X4,X1,X1
JAR18_139938,#N/A,139938,2018,May,Wampembe,lates03,79,90,3,Y,GBS,743001,699754,94.20%,Lmar,Lmar,X2,X1,X3,X2,X2
JAR18_139939,#N/A,139939,2018,May,Wampembe,lates03,132,150,22,Y,GBS,860395,806865,93.80%,Lmar,Lmar,X2,X2,X4,X1,X1
JAR18_139940,#N/A,139940,2018,May,Wampembe,lates03,113,133,24,Y,GBS,1206439,1136139,94.20%,Lmar,Lmar,X2,X2,X4,X1,X1
JAR18_139941,#N/A,139941,2018,May,Wampembe,lates03,170,191,64,Y,GBS,962739,895814,93.00%,Lmar,Lmar,X2,X1,X3,X2,X2
JAR18_139942,#N/A,139942,2018,May,Wampembe,lates03,109,123,24,Y,GBS,1099793,1023034,93.00%,Lmar,Lmar,X2,X1,X3,X2,X2
JAR18_139943,#N/A,139943,2018,May,Wampembe,lates03,75,90,30,Y,GBS,1213654,1140128,93.90%,Lmar,Lmar,X2,X1,X3,X2,X2
JAR18_139944,#N/A,139944,2018,May,Wampembe,lates03,90,105,4,Y,GBS,935375,858044,91.70%,Lmar,Lmar,X2,X2,X4,X1,X1
JAR18_139945,#N/A,139945,2018,May,Wampembe,lates03,73,85,2,Y,GBS,1038424,974021,93.80%,Lmar,Lmar,X2,X2,X4,X1,X1
JAR18_139946,#N/A,139946,2018,May,Wampembe,lates03,62,70,2,Y,GBS,800444,753585,94.10%,Lmar,Lmar,X2,X2,X4,X1,X1
JAR18_139947,#N/A,139947,2018,May,Wampembe,lates03,70,82,4,Y,GBS,776194,727532,93.70%,Lmar,Lmar,X2,X1,X3,X2,X2
JAR18_139948,#N/A,139948,2018,May,Wampembe,lates03,75,90,4,Y,GBS,1103464,1030266,93.40%,Lmar,Lmar,X2,X1,X3,X2,X2
JAR18_139983,#N/A,139983,2018,May,Wampembe,lates03,269,305,159,N,GBS,881976,815013,92.40%,Lsta,NA,NA,NA,NA,NA,NA
JAR18_139984,#N/A,139984,2018,May,Wampembe,lates03,285,335,219,N,GBS,695059,648986,93.40%,Lsta,NA,NA,NA,NA,NA,NA
JAR18_139985,#N/A,139985,2018,May,Wampembe,lates03,243,277,142,N,GBS,1264294,1158764,91.70%,Lsta,NA,NA,NA,NA,NA,NA
JAR18_139986,#N/A,139986,2018,May,Wampembe,lates03,239,266,124,N,GBS,719039,643902,89.60%,Lsta,NA,NA,NA,NA,NA,NA
JAR18_139987,#N/A,139987,2018,May,Wampembe,lates03,246,282,143,N,GBS,998546,880654,88.20%,Lsta,NA,NA,NA,NA,NA,NA
JAR18_139988,#N/A,139988,2018,May,Wampembe,lates03,234,265,116,N,GBS,532643,466148,87.50%,Lsta,NA,NA,NA,NA,NA,NA
JAR18_139989,#N/A,139989,2018,May,Wampembe,lates03,244,282,112,N,GBS,674109,601647,89.30%,Lsta,NA,NA,NA,NA,NA,NA
JAR18_139990,#N/A,139990,2018,May,Wampembe,lates03,244,282,139,N,GBS,1041043,987558,94.90%,Lsta,NA,NA,NA,NA,NA,NA
JAR18_139991,#N/A,139991,2018,May,Wampembe,lates03,259,292,152,N,GBS,862359,801475,92.90%,Lsta,NA,NA,NA,NA,NA,NA
JAR18_139992,#N/A,139992,2018,May,Wampembe,lates03,297,332,225,N,GBS,1103158,1015355,92.00%,Lsta,NA,NA,NA,NA,NA,NA
JAR18_139993,#N/A,139993,2018,May,Wampembe,lates03,250,282,156,N,GBS,1195302,1125068,94.10%,Lsta,Lsta,X1,NA,NA,NA,NA
JAR18_139995,#N/A,139995,2018,May,Wampembe,lates03,261,300,173,N,GBS,973976,814098,83.60%,Lsta,NA,NA,NA,NA,NA,NA
JAR18_139996,#N/A,139996,2018,May,Wampembe,lates03,280,300,147,N,GBS,510387,441028,86.40%,Lsta,NA,NA,NA,NA,NA,NA
JAR18_139997,#N/A,139997,2018,May,Wampembe,lates03,233,170,130,N,GBS,673137,615142,91.40%,Lsta,NA,NA,NA,NA,NA,NA
JAR18_139998,#N/A,139998,2018,May,Wampembe,lates03,239,275,224,N,GBS,953232,894178,93.80%,Lsta,NA,NA,NA,NA,NA,NA
JAR18_139999,#N/A,139999,2018,May,Wampembe,lates03,236,273,114,N,GBS,907345,827499,91.20%,Lsta,NA,NA,NA,NA,NA,NA
JAR18_140000,#N/A,140000,2018,May,Wampembe,lates03,237,273,234,N,GBS,924191,859973,93.10%,Lsta,NA,NA,NA,NA,NA,NA
JAR18_140001,#N/A,140001,2018,May,Wampembe,lates03,266,303,255,N,GBS,698675,654080,93.60%,Lsta,NA,NA,NA,NA,NA,NA
JAR18_140002,#N/A,140002,2018,May,Wampembe,lates03,245,276,229,N,GBS,788055,733474,93.10%,Lsta,NA,NA,NA,NA,NA,NA
JAR18_140014,#N/A,140014,2018,May,Kasanga,lates03,606,706,5000,N,GBS,1420656,1322016,93.10%,Lmar,Lmar,X1,X3,X1,X4,X4
JAR18_140015,#N/A,140015,2018,May,Kasanga,lates03,701,708,5000,N,GBS,1351255,1272257,94.20%,Lmic,NA,NA,NA,NA,NA,NA
JAR18_140016,#N/A,140016,2018,May,Kasanga,lates03,509,700,4300,N,GBS,796237,743302,93.40%,Lmic,NA,NA,NA,NA,NA,NA
JAR18_140017,#N/A,140017,2018,May,Kasanga,lates03,504,601,3000,N,GBS,1397572,1305800,93.40%,Lang,NA,NA,NA,NA,NA,NA
JAR18_140018,#N/A,140018,2018,May,Kasanga,lates03,509,608,4500,N,GBS,1472081,1379371,93.70%,Lmar,Lmar,X1,X3,X1,X4,X4
JAR18_140019,#N/A,140019,2018,May,Kasanga,lates03,604,704,4500,N,GBS,893482,830118,92.90%,Lang,NA,NA,NA,NA,NA,NA
JAR18_140020,#N/A,140020,2018,May,Kasanga,lates03,408,506,1000,N,GBS,792962,575297,72.60%,Lmar,NA,NA,NA,NA,NA,NA
JAR18_140021,#N/A,140021,2018,May,Kasanga,lates03,404,501,1500,N,GBS,1189245,1121653,94.30%,Lmar,Lmar,X1,X3,X1,X4,X4
JAR18_140022,#N/A,140022,2018,May,Kasanga,lates03,406,502,1500,N,GBS,1785331,1656517,92.80%,Lmar,NA,NA,NA,NA,NA,NA
JAR18_140023,#N/A,140023,2018,May,Kasanga,lates03,407,504,1000,N,GBS,877054,821568,93.70%,Lmar,NA,NA,NA,NA,NA,NA
JAR18_140024,#N/A,140024,2018,May,Kasanga,lates03,226,236,81,N,GBS,771177,723284,93.80%,Lsta,Lsta,X1,NA,NA,NA,NA
JAR18_140025,#N/A,140025,2018,May,Kasanga,lates03,222,254,108,N,GBS,812010,763078,94.00%,Lsta,NA,NA,NA,NA,NA,NA
JAR18_140026,#N/A,140026,2018,May,Kasanga,lates03,213,249,102,N,GBS,932204,880137,94.40%,Lsta,Lsta,X2,NA,NA,NA,NA
JAR18_140027,#N/A,140027,2018,May,Kasanga,lates03,230,270,116,N,GBS,1081230,1014959,93.90%,Lsta,NA,NA,NA,NA,NA,NA
JAR18_140028,#N/A,140028,2018,May,Kasanga,lates03,234,271,126,N,GBS,730976,683450,93.50%,Lsta,Lsta,X2,NA,NA,NA,NA
JAR18_140029,#N/A,140029,2018,May,Kasanga,lates03,218,243,97,N,GBS,878140,827002,94.20%,Lsta,NA,NA,NA,NA,NA,NA
JAR18_140030,#N/A,140030,2018,May,Kasanga,lates03,191,228,76,N,GBS,852349,801808,94.10%,Lsta,NA,NA,NA,NA,NA,NA
JAR18_140031,#N/A,140031,2018,May,Kasanga,lates03,204,236,84,N,GBS,887143,839641,94.60%,Lsta,NA,NA,NA,NA,NA,NA
JAR18_140033,#N/A,140033,2018,May,Kasanga,lates03,196,231,75,N,GBS,1468180,1388646,94.60%,Lsta,NA,NA,NA,NA,NA,NA
JAR18_140034,#N/A,140034,2018,May,Kasanga,lates03,232,267,116,N,GBS,459343,434424,94.60%,Lsta,NA,NA,NA,NA,NA,NA
JAR18_140035,#N/A,140035,2018,May,Kasanga,lates03,222,256,106,N,GBS,1364239,1288791,94.50%,Lsta,NA,NA,NA,NA,NA,NA
JAR18_140036,#N/A,140036,2018,May,Kasanga,lates03,222,256,102,N,GBS,1010313,951721,94.20%,Lsta,Lsta,X1,NA,NA,NA,NA
JAR18_140037,#N/A,140037,2018,May,Kasanga,lates03,223,261,103,N,GBS,862679,810275,93.90%,Lsta,NA,NA,NA,NA,NA,NA
JAR18_140038,#N/A,140038,2018,May,Kasanga,lates03,213,252,96,N,GBS,929669,879694,94.60%,Lsta,Lsta,X1,NA,NA,NA,NA
JAR18_140039,#N/A,140039,2018,May,Kasanga,lates03,216,249,98,N,GBS,1337174,1262511,94.40%,Lsta,Lsta,X1,NA,NA,NA,NA
JAR18_140041,#N/A,140041,2018,May,Kasanga,lates03,239,270,129,N,GBS,1521675,1441065,94.70%,Lsta,NA,NA,NA,NA,NA,NA
JAR18_140042,#N/A,140042,2018,May,Kasanga,lates03,205,234,89,N,GBS,674740,636527,94.30%,Lsta,NA,NA,NA,NA,NA,NA
JAR18_140043,#N/A,140043,2018,May,Kasanga,lates03,206,231,78,N,GBS,875530,824508,94.20%,Lsta,Lsta,X1,NA,NA,NA,NA
JAR18_140044,#N/A,140044,2018,May,Kasanga,lates03,206,228,95,N,GBS,1030833,972198,94.30%,Lsta,Lsta,X2,NA,NA,NA,NA
JAR18_140045,#N/A,140045,2018,May,Kasanga,lates03,211,243,99,N,GBS,930989,878130,94.30%,Lsta,Lsta,X2,NA,NA,NA,NA
JAR18_140046,#N/A,140046,2018,May,Kasanga,lates03,228,261,106,N,GBS,1076935,1021866,94.90%,Lsta,NA,NA,NA,NA,NA,NA
JAR18_140047,#N/A,140047,2018,May,Kasanga,lates03,230,253,96,N,GBS,1313418,1245311,94.80%,Lsta,Lsta,X2,NA,NA,NA,NA
PBM2010_59,PBM2010_59,#N/A,2010,,Kigoma,lates01,89.8,104.2,8.63,Y,GBS,1624146,1489868,91.70%,Lmic,Lmic,X2,X3,X1,X1,X6
PBM2010_60,PBM2010_60,#N/A,2010,,Kigoma,lates01,111.8,130.9,19.12,Y,GBS,1546790,1425932,92.20%,Lmic,Lmic,X2,X3,X1,X1,X6
PBM2011_132,PBM2011_132,#N/A,2011,August,Kigoma,lates01,103,127,17.56,Y,GBS,1867334,1727814,92.50%,Juv,Lmic,X2,X3,X1,X5,X4
PBM2011_133,PBM2011_133,#N/A,2011,August,Kigoma,lates01,101,121,15.66,Y,GBS,1235413,1135921,91.90%,Juv,Lmic,X2,X3,X1,X5,X4
PBM2011_134,PBM2011_134,#N/A,2011,August,Kigoma,lates01,95,115,12.92,Y,GBS,1518808,1384719,91.20%,Juv,Lmic,X2,X1,X2,X4,X3
PBM2011_135,PBM2011_135,#N/A,2011,August,Kigoma,lates01,138,163,39.34,Y,GBS,1373950,1245487,90.70%,Juv,Lmic,X2,X1,X2,X4,X3
PBM2011_136,PBM2011_136,#N/A,2011,August,Kigoma,lates01,119,147,27.01,Y,GBS,1936352,1769196,91.40%,Juv,Lmic,X2,X1,X2,X4,X4
PBM2011_137,PBM2011_137,#N/A,2011,August,Kigoma,lates01,139,168,40.03,Y,GBS,1286368,1106960,86.10%,Juv,Lmic,X1,X2,X3,X3,X2
PBM2011_138,PBM2011_138,#N/A,2011,August,Kigoma,lates01,102,123,16.92,Y,GBS,1203130,1035085,86.00%,Juv,Lmic,X1,X2,X3,X3,X2
PBM2011_139,PBM2011_139,#N/A,2011,August,Kigoma,lates01,141,167,38.04,Y,GBS,2119271,1850050,87.30%,Juv,Lmic,X1,X2,X3,X3,X2
PBM2011_294,PBM2011_294,#N/A,2011,August,Kigoma,lates01,96,115,13.93,Y,GBS,1798308,1585163,88.10%,Juv,Lmic,X1,X2,X3,X3,X2
PBM2011_299,PBM2011_299,#N/A,2011,August,Kigoma,lates01,98,121,15.52,Y,GBS,832564,759535,91.20%,Juv,Lmic,X1,X2,X3,X3,X2
PBM2011_323,PBM2011_323,#N/A,2011,August,Kigoma,lates01,214,257,171.64,Y,GBS,3583751,3355177,93.60%,Lang,Lang,X2,X2,X1,X1,X1
PBM2011_354,PBM2011_354,#N/A,2011,August,Kigoma,lates01,520,630,2100,N,GBS,3294520,3030604,92.00%,Lmar,Lmar,X2,X1,X3,X2,X2
PBM2012_114,PBM2012_114,#N/A,2012,July,N_Mahale,lates01,112,137,23.68,Y,GBS,3096369,2810363,90.80%,Juv,Lmic,X1,X2,X3,X3,X2
PBM2012_117,PBM2012_117,#N/A,2012,July,N_Mahale,lates01,96,119,16.74,Y,GBS,3013680,2790588,92.60%,Juv,Lmic,X1,X2,X3,X3,X2
PBM2012_128,PBM2012_128,#N/A,2012,July,N_Mahale,lates01,90,110,15.63,Y,GBS,2675242,2425583,90.70%,Juv,Lmic,X1,X2,X3,X3,X2
PBM2012_135,PBM2012_135,#N/A,2012,July,N_Mahale,lates01,130,158,36.59,Y,GBS,2761383,2557659,92.60%,Lmar,Lmic,X1,X2,X3,X3,X1
PBM2012_251,PBM2012_251,#N/A,2012,July,N_Mahale,lates01,600,700,3650,N,GBS,2731287,2514426,92.10%,Lmar,Lang,X2,X2,X3,X1,X1
PBM2015_1189,PBM2015_1189,#N/A,2015,July,S_Mahale,lates01,NA,NA,6000,N,GBS,2113323,1938948,91.70%,Lmar,Lmic,X1,X2,X3,X3,X2
PBM2015_1194,PBM2015_1194,#N/A,2015,July,S_Mahale,lates01,NA,NA,NA,Y,GBS,2696536,2425826,90.00%,Juv,Lmic,X1,X2,X3,X3,X2
PBM2015_1195,PBM2015_1195,#N/A,2015,July,S_Mahale,lates01,590,720,3400,N,GBS,2319580,2125469,91.60%,Lmic,Lmic,X2,X3,X1,X1,X6
PBM2015_1196,PBM2015_1196,#N/A,2015,July,S_Mahale,lates01,NA,NA,NA,Y,GBS,2129127,1929987,90.60%,Juv,Lang,X2,X3,X4,X4,X4
PBM2015_1212,PBM2015_1212,#N/A,2015,July,S_Mahale,lates01,NA,NA,NA,N,GBS,1878908,1734800,92.30%,Lsta,Lsta,X2,NA,NA,NA,NA
PBM2015_1215,PBM2015_1215,#N/A,2015,July,S_Mahale,lates01,NA,NA,NA,N,GBS,1838144,1712324,93.20%,Lsta,Lsta,X2,NA,NA,NA,NA
PBM2015_1352,PBM2015_1352,#N/A,2015,July,S_Mahale,lates01,NA,NA,NA,N,GBS,2228806,2044828,91.70%,Lsta,Lsta,X1,NA,NA,NA,NA
PBM2015_1354,PBM2015_1354,#N/A,2015,July,S_Mahale,lates01,NA,NA,NA,N,GBS,1876637,1735436,92.50%,Lsta,Lsta,X2,NA,NA,NA,NA
PBM2015_1355,PBM2015_1355,#N/A,2015,July,S_Mahale,lates01,NA,NA,NA,N,GBS,1575080,1463542,92.90%,Lsta,Lsta,X1,NA,NA,NA,NA
PBM2015_1465,PBM2015_1465,#N/A,2015,July,S_Mahale,lates01,142,173,NA,Y,GBS,784173,715478,91.20%,Juv,NA,NA,NA,NA,NA,NA
PBM2015_1466,PBM2015_1466,#N/A,2015,July,S_Mahale,lates01,156,194,NA,Y,GBS,3974914,3691420,92.90%,Juv,NA,NA,NA,NA,NA,NA
PBM2015_1467,PBM2015_1467,#N/A,2015,July,S_Mahale,lates01,177,222,NA,Y,GBS,227322,210359,92.50%,Juv,NA,NA,NA,NA,NA,NA
PBM2015_1665,PBM2015_1665,#N/A,2015,July,N_Mahale,lates01,NA,NA,NA,Y,GBS,2362208,2187786,92.60%,Juv,Lmic,X2,X3,X1,X1,X6
PBM2015_1666,PBM2015_1666,#N/A,2015,July,N_Mahale,lates01,NA,NA,NA,Y,GBS,2024041,1849963,91.40%,Juv,Lmic,X2,X3,X1,X5,X4
PBM2015_1951,PBM2015_1951,#N/A,2015,July,N_Mahale,lates01,NA,NA,NA,N,GBS,1223270,973060,79.50%,Lsta,Lsta,X2,NA,NA,NA,NA
PBM2015_1952,PBM2015_1952,#N/A,2015,July,N_Mahale,lates01,NA,NA,NA,N,GBS,1137557,967447,85.00%,Lsta,Lsta,X2,NA,NA,NA,NA
PBM2015_1955,PBM2015_1955,#N/A,2015,July,N_Mahale,lates01,NA,NA,NA,N,GBS,1549124,1306721,84.40%,Lsta,Lsta,X2,NA,NA,NA,NA
PBM2015_1987,PBM2015_1987,#N/A,2015,July,Kigoma,lates01,NA,NA,NA,N,GBS,1579863,1454551,92.10%,Lsta,Lsta,X1,NA,NA,NA,NA
PBM2015_1989,PBM2015_1989,#N/A,2015,July,Kigoma,lates01,NA,NA,NA,N,GBS,1143315,1018889,89.10%,Lsta,Lsta,X1,NA,NA,NA,NA
PBM2015_1991,PBM2015_1991,#N/A,2015,July,Kigoma,lates01,NA,NA,NA,N,GBS,2232948,2035693,91.20%,Lsta,NA,NA,NA,NA,NA,NA
PBM2015_1992,PBM2015_1992,#N/A,2015,July,Kigoma,lates01,NA,NA,NA,N,GBS,1750719,1624077,92.80%,Lsta,Lsta,X1,NA,NA,NA,NA
PBM2015_1995,PBM2015_1995,#N/A,2015,July,Kigoma,lates01,NA,NA,NA,N,GBS,1753218,1619724,92.40%,Lsta,NA,NA,NA,NA,NA,NA
PBM2015_1997,PBM2015_1997,#N/A,2015,July,Kigoma,lates01,NA,NA,NA,N,GBS,2253425,2055174,91.20%,Lsta,Lsta,X2,NA,NA,NA,NA
PBM2015_2002,PBM2015_2002,#N/A,2015,July,Kigoma,lates01,NA,NA,NA,N,GBS,2464446,2196822,89.10%,Lsta,Lsta,X2,NA,NA,NA,NA
PBM2015_2003,PBM2015_2003,#N/A,2015,July,Kigoma,lates01,142,179,NA,Y,GBS,3034558,2830641,93.30%,Lang,Lang,X2,X2,X4,X1,X1
PBMC114,PBMC114,#N/A,2002,,Kigoma,lates01,NA,NA,NA,Y,GBS,3791169,3545369,93.50%,Lmar,Lang,X2,X2,X1,X1,X1
PBMC115,PBMC115,#N/A,2002,,Kigoma,lates01,NA,NA,NA,Y,GBS,3273480,3062676,93.60%,Lmar,Lmar,X2,X2,X4,X5,X6
PBMC116,PBMC116,#N/A,2002,,Kigoma,lates01,NA,NA,NA,Y,GBS,2730561,2516766,92.20%,Juv,Lmar,X2,X2,X4,X5,X6
PBMC119,PBMC119,#N/A,2002,,Kigoma,lates01,NA,NA,NA,Y,GBS,3184559,2985628,93.80%,Juv,Lmar,X2,X2,X4,X3,X6
PBMC120,PBMC120,#N/A,2002,,Kigoma,lates01,NA,NA,NA,Y,GBS,2625322,2454294,93.50%,Juv,Lmar,X2,X2,X4,X1,X1
PBMC197,PBMC197,#N/A,2002,,Kigoma,lates01,NA,NA,NA,Y,GBS,2361245,2198815,93.10%,Juv,Lmic,X2,X3,X1,X1,X6
PBMC84,PBMC84,#N/A,2001,,Kigoma,lates01,NA,NA,NA,Y,GBS,2526589,2349586,93.00%,Juv,Lmic,X2,X3,X1,X5,X4
PBMC85,PBMC85,#N/A,2001,,Kigoma,lates01,NA,NA,NA,Y,GBS,2737896,2558781,93.50%,Juv,Lmic,X2,X3,X1,X5,X4
PBMC86,PBMC86,#N/A,2001,,Kigoma,lates01,NA,NA,NA,Y,GBS,2647080,2478357,93.60%,Juv,Lmic,X2,X3,X1,X5,X4
PBMC87,PBMC87,#N/A,2001,,Kigoma,lates01,NA,NA,NA,Y,GBS,2484930,2320556,93.40%,Juv,Lmic,X2,X3,X1,X5,X4
KAT04.GQI128,KAT_04,138802,2017,September,Kigoma,GQI128,326,376,320,N,RAD,1367897,1230423,89.95%,Lsta,Lsta,NA,NA,NA,NA,NA
KAT05.GQI128,KAT_05,138805,2017,September,Kigoma,GQI128,220,252,103,N,RAD,2836995,2548029,89.81%,Lsta,Lsta,X1,NA,NA,NA,NA
KAT06.GQI128,KAT_06,138806,2017,September,Kigoma,GQI128,184,210,62,N,RAD,1769031,1593023,90.05%,Lsta,Lsta,NA,NA,NA,NA,NA
KAT11.GQI128,KAT_11,138811,2017,September,Kigoma,GQI128,159,184,41,N,RAD,1918834,1720785,89.68%,Lsta,Lsta,NA,NA,NA,NA,NA
KAT12.GQI128,KAT_12,138812,2017,September,Kigoma,GQI128,230,263,120,N,RAD,909171,815564,89.70%,Lsta,Lsta,NA,NA,NA,NA,NA
KAT13.GQI128,KAT_13,138814,2017,September,Kigoma,GQI128,207,240,97,N,RAD,4296344,3880156,90.31%,Lsta,Lsta,X1,NA,NA,NA,NA
KAT14.GQI128,KAT_14,138815,2017,September,Kigoma,GQI128,248,285,166,N,RAD,1755781,1571087,89.48%,Lsta,Lsta,NA,NA,NA,NA,NA
KAT15.GQI128,KAT_15,138816,2017,September,Kigoma,GQI128,179,206,56,N,RAD,2600918,2336316,89.83%,Lsta,Lsta,NA,NA,NA,NA,NA
KAT16.GQI128,KAT_16,138817,2017,September,Kigoma,GQI128,231,264,159,N,RAD,1177453,1054679,89.57%,Lsta,Lsta,NA,NA,NA,NA,NA
KAT17.GQI128,KAT_17,138818,2017,September,Kigoma,GQI128,248,278,171,N,RAD,2657580,2388359,89.87%,Lsta,Lsta,NA,NA,NA,NA,NA
KAT18.GQI128,KAT_18,138819,2017,September,Kigoma,GQI128,266,303,184,N,RAD,448915,399678,89.03%,Lsta,Lsta,NA,NA,NA,NA,NA
KAT19.GQI128,KAT_19,138820,2017,September,Kigoma,GQI128,217,249,94,N,RAD,1563065,1400354,89.59%,Lsta,Lsta,NA,NA,NA,NA,NA
IKO59.GQI128,IKO_59,138920,2017,September,Ikola,GQI128,273,321,198,N,RAD,1636455,1469009,89.77%,Lsta,Lsta,X2,NA,NA,NA,NA
IKO60.GQI128,IKO_60,138921,2017,September,Ikola,GQI128,292,345,235,N,RAD,2117891,1898986,89.66%,Lsta,Lsta,X1,NA,NA,NA,NA
IKO61.GQI128,IKO_61,138922,2017,September,Ikola,GQI128,253,292,148,N,RAD,1304365,1156984,88.70%,Lsta,Lsta,NA,NA,NA,NA,NA
IKO62.GQI128,IKO_62,138923,2017,September,Ikola,GQI128,293,299,153,N,RAD,1003587,856096,85.30%,Lsta,Lsta,NA,NA,NA,NA,NA
IKO63.GQI133,IKO_63,138924,2017,September,Ikola,GQI133,112,124,14,Y,RAD,1719642,1533314,89.16%,Lsta,Lsta,X2,NA,NA,NA,NA
IKO64.GQI132,IKO_64,138925,2017,September,Ikola,GQI132,109,122,13,Y,RAD,2261848,2028905,89.70%,Lsta,Lsta,X2,NA,NA,NA,NA
IKO65.GQI128,IKO_65,138926,2017,September,Ikola,GQI128,117,132,18,Y,RAD,2870799,2572330,89.60%,Lsta,Lsta,X1,NA,NA,NA,NA
IKO66.GQI133,IKO_66,138927,2017,September,Ikola,GQI133,114,130,17,Y,RAD,2401630,2144853,89.31%,Lsta,Lsta,X1,NA,NA,NA,NA
IKO67.GQI132,IKO_67,138928,2017,September,Ikola,GQI132,114,127,18,Y,RAD,2350203,2118643,90.15%,Lsta,Lsta,X1,NA,NA,NA,NA
IKO68.GQI133,IKO_68,138929,2017,September,Ikola,GQI133,112,126,15,Y,RAD,2073348,1816554,87.61%,Lsta,Lsta,X1,NA,NA,NA,NA
IKO69.GQI133,IKO_69,138930,2017,September,Ikola,GQI133,109,124,14,Y,RAD,2681762,2399486,89.47%,Lsta,Lsta,X2,NA,NA,NA,NA
IKO70.GQI133,IKO_70,138931,2017,September,Ikola,GQI133,115,130,16,Y,RAD,1847130,1623216,87.88%,Lsta,Lsta,X2,NA,NA,NA,NA
IKO71.GQI132,IKO_71,138932,2017,September,Ikola,GQI132,116,132,17,Y,RAD,2046095,1837677,89.81%,Lsta,Lsta,X1,NA,NA,NA,NA
IKO72.GQI133,IKO_72,138933,2017,September,Ikola,GQI133,102,116,9,Y,RAD,2403531,2124630,88.40%,Lsta,Lsta,X1,NA,NA,NA,NA
IKO73.GQI132,IKO_73,138934,2017,September,Ikola,GQI132,116,131,17,Y,RAD,3214047,2884799,89.76%,Lsta,Lsta,X1,NA,NA,NA,NA
IKO74.GQI132,IKO_74,138935,2017,September,Ikola,GQI132,115,130,17,Y,RAD,1721552,1552053,90.15%,Lsta,Lsta,X2,NA,NA,NA,NA
IKO75.GQI132,IKO_75,138936,2017,September,Ikola,GQI132,100,113,10,Y,RAD,2224776,1998338,89.82%,Lsta,Lsta,X2,NA,NA,NA,NA
IKO76.GQI133,IKO_76,138937,2017,September,Ikola,GQI133,102,116,11,Y,RAD,2717559,2438376,89.73%,Lsta,Lsta,X2,NA,NA,NA,NA
IKO77.GQI133,IKO_77,138938,2017,September,Ikola,GQI133,101,114,10,Y,RAD,2297635,2051527,89.29%,Lsta,Lsta,X1,NA,NA,NA,NA
IKO78.GQI132,IKO_78,138939,2017,September,Ikola,GQI132,105,120,12,Y,RAD,2302897,2076597,90.17%,Lsta,Lsta,X2,NA,NA,NA,NA
IKO82.GQI128,IKO_82,138943,2017,September,Ikola,GQI128,224,255,111,N,RAD,4841111,4352674,89.91%,Lsta,Lsta,X2,NA,NA,NA,NA
IKO83.GQI128,IKO_83,138944,2017,September,Ikola,GQI128,246,283,138,N,RAD,355074,313918,88.41%,Lsta,Lsta,NA,NA,NA,NA,NA
IKO84.GQI128,IKO_84,138945,2017,September,Ikola,GQI128,228,261,111,N,RAD,2583550,2324858,89.99%,Lsta,Lsta,X2,NA,NA,NA,NA
IKO85.GQI128,IKO_85,138946,2017,September,Ikola,GQI128,231,262,116,N,RAD,3732130,3359819,90.02%,Lsta,Lsta,X2,NA,NA,NA,NA
IKO86.GQI128,IKO_86,138947,2017,September,Ikola,GQI128,201,230,84,N,RAD,3712682,3338081,89.91%,Lsta,Lsta,X2,NA,NA,NA,NA
IKO87.GQI128,IKO_87,138948,2017,September,Ikola,GQI128,225,260,115,N,RAD,1211410,1083241,89.42%,Lsta,Lsta,NA,NA,NA,NA,NA
IKO88.GQI128,IKO_88,138949,2017,September,Ikola,GQI128,203,237,89,N,RAD,1572131,1414348,89.96%,Lsta,Lsta,NA,NA,NA,NA,NA
KIP90.GQI128,KIP_90,139059,2017,September,Kirando,GQI128,229,262,110,N,RAD,1006128,870136,86.48%,Lsta,Lsta,NA,NA,NA,NA,NA
KIP91.GQI128,KIP_91,139060,2017,September,Kirando,GQI128,301,343,250,N,RAD,1766039,1559880,88.33%,Lsta,Lsta,NA,NA,NA,NA,NA
KIP92.GQI128,KIP_92,139061,2017,September,Kirando,GQI128,231,269,114,N,RAD,2578525,2296304,89.05%,Lsta,Lsta,NA,NA,NA,NA,NA
KIP93.GQI128,KIP_93,139062,2017,September,Kirando,GQI128,203,231,89,N,RAD,2332402,2058885,88.27%,Lsta,Lsta,X2,NA,NA,NA,NA
KIP94.GQI128,KIP_94,139063,2017,September,Kirando,GQI128,261,301,163,N,RAD,2189490,1959953,89.52%,Lsta,Lsta,NA,NA,NA,NA,NA
KIP95.GQI128,KIP_95,139064,2017,September,Kirando,GQI128,178,208,63,N,RAD,3411836,2973406,87.15%,Lsta,Lsta,X2,NA,NA,NA,NA
KIP97.GQI128,KIP_97,139066,2017,September,Kirando,GQI128,219,255,98,N,RAD,3679800,3310104,89.95%,Lsta,Lsta,X2,NA,NA,NA,NA
KIP99.GQI132,KIP_99,139068,2017,September,Kirando,GQI132,207,230,85,N,RAD,2602745,2340307,89.92%,Lsta,Lsta,X2,NA,NA,NA,NA
KIP100.GQI128,KIP_100,139069,2017,September,Kirando,GQI128,213,244,99,N,RAD,910657,782660,85.94%,Lsta,Lsta,NA,NA,NA,NA,NA
KIP101.GQI127,KIP_101,139070,2017,September,Kirando,GQI127,116,204,56,N,RAD,242898,211785,87.19%,Lsta,Lsta,NA,NA,NA,NA,NA
KIP101.GQI128,KIP_101,139070,2017,September,Kirando,GQI128,116,204,56,N,RAD,366220,320363,87.48%,Lsta,Lsta,NA,NA,NA,NA,NA
KIP101.GQI129,KIP_101,139070,2017,September,Kirando,GQI129,116,204,56,N,RAD,246657,213246,86.45%,Lsta,Lsta,NA,NA,NA,NA,NA
KIP101.GQI130,KIP_101,139070,2017,September,Kirando,GQI130,116,204,56,N,RAD,185719,159831,86.06%,Lsta,Lsta,NA,NA,NA,NA,NA
KIP101.GQI132,KIP_101,139070,2017,September,Kirando,GQI132,116,204,56,N,RAD,935595,846634,90.49%,Lsta,Lsta,NA,NA,NA,NA,NA
KIP101.GQI133,KIP_101,139070,2017,September,Kirando,GQI133,116,204,56,N,RAD,1716512,1552977,90.47%,Lsta,Lsta,NA,NA,NA,NA,NA
KIP102.GQI128,KIP_102,139071,2017,September,Kirando,GQI128,215,250,94,N,RAD,4508402,4039453,89.60%,Lsta,Lsta,NA,NA,NA,NA,NA
KIP103.GQI128,KIP_103,139072,2017,September,Kirando,GQI128,204,240,86,N,RAD,2892991,2483127,85.83%,Lsta,Lsta,NA,NA,NA,NA,NA
KIP104.GQI128,KIP_104,139073,2017,September,Kirando,GQI128,220,251,97,N,RAD,1554777,1367122,87.93%,Lsta,Lsta,NA,NA,NA,NA,NA
KAS01.GQI132,KAS_01,139075,2017,September,Kasanga,GQI132,226,258,108,N,RAD,2250591,2039114,90.60%,Lsta,Lsta,X2,NA,NA,NA,NA
KAS02.GQI132,KAS_02,139076,2017,September,Kasanga,GQI132,221,252,103,N,RAD,3061669,2760949,90.18%,Lsta,Lsta,X2,NA,NA,NA,NA
KAS03.GQI132,KAS_03,139077,2017,September,Kasanga,GQI132,205,237,92,N,RAD,1843045,1665358,90.36%,Lsta,Lsta,X2,NA,NA,NA,NA
KAS04.GQI128,KAS_04,139078,2017,September,Kasanga,GQI128,232,270,117,N,RAD,5111169,4469820,87.45%,Lsta,Lsta,X2,NA,NA,NA,NA
KAS05.GQI128,KAS_05,139079,2017,September,Kasanga,GQI128,237,274,130,N,RAD,3526871,3168744,89.85%,Lsta,Lsta,X2,NA,NA,NA,NA
KAS06.GQI132,KAS_06,139080,2017,September,Kasanga,GQI132,196,226,82,N,RAD,2917674,2636006,90.35%,Lsta,Lsta,X1,NA,NA,NA,NA
KAS07.GQI132,KAS_07,139081,2017,September,Kasanga,GQI132,232,265,114,N,RAD,3709972,3350128,90.30%,Lsta,Lsta,X2,NA,NA,NA,NA
KAS08.GQI128,KAS_08,139082,2017,September,Kasanga,GQI128,231,261,118,N,RAD,1499406,1346041,89.77%,Lsta,Lsta,NA,NA,NA,NA,NA
KAS09.GQI128,KAS_09,139083,2017,September,Kasanga,GQI128,220,250,108,N,RAD,2311225,2070294,89.58%,Lsta,Lsta,X2,NA,NA,NA,NA
KAS10.GQI128,KAS_10,139084,2017,September,Kasanga,GQI128,201,234,87,N,RAD,2915896,2622334,89.93%,Lsta,Lsta,X2,NA,NA,NA,NA
KAS11.GQI132,KAS_11,139085,2017,September,Kasanga,GQI132,215,250,99,N,RAD,1661256,1503708,90.52%,Lsta,Lsta,X2,NA,NA,NA,NA
KAS12.GQI128,KAS_12,139086,2017,September,Kasanga,GQI128,240,281,141,N,RAD,3220325,2876964,89.34%,Lsta,Lsta,X2,NA,NA,NA,NA
KAS13.GQI128,KAS_13,139087,2017,September,Kasanga,GQI128,211,242,88,N,RAD,3329176,2982229,89.58%,Lsta,Lsta,X1,NA,NA,NA,NA
KAS14.GQI128,KAS_14,139088,2017,September,Kasanga,GQI128,212,250,104,N,RAD,3013372,2709651,89.92%,Lsta,Lsta,X2,NA,NA,NA,NA
KAS15.GQI128,KAS_15,139089,2017,September,Kasanga,GQI128,220,253,101,N,RAD,1752855,1576061,89.91%,Lsta,Lsta,NA,NA,NA,NA,NA
KAS16.GQI128,KAS_16,139090,2017,September,Kasanga,GQI128,206,232,94,N,RAD,2165956,1933493,89.27%,Lsta,Lsta,NA,NA,NA,NA,NA
KAS17.GQI132,KAS_17,139091,2017,September,Kasanga,GQI132,225,260,111,N,RAD,2164898,1958244,90.45%,Lsta,Lsta,X1,NA,NA,NA,NA
KAS18.GQI132,KAS_18,139092,2017,September,Kasanga,GQI132,192,224,79,N,RAD,3424427,3087981,90.18%,Lsta,Lsta,X2,NA,NA,NA,NA
KAS19.GQI128,KAS_19,139093,2017,September,Kasanga,GQI128,205,241,90,N,RAD,2425192,2162323,89.16%,Lsta,Lsta,X2,NA,NA,NA,NA
KAS20.GQI132,KAS_20,139094,2017,September,Kasanga,GQI132,197,232,88,N,RAD,1506849,1361846,90.38%,Lsta,Lsta,X2,NA,NA,NA,NA
KAS21.GQI128,KAS_21,139095,2017,September,Kasanga,GQI128,195,225,79,N,RAD,2483888,2231761,89.85%,Lsta,Lsta,X1,NA,NA,NA,NA
KAS22.GQI132,KAS_22,139096,2017,September,Kasanga,GQI132,185,212,67,N,RAD,1202312,1089149,90.59%,Lsta,Lsta,X2,NA,NA,NA,NA
KAS23.GQI132,KAS_23,139097,2017,September,Kasanga,GQI132,186,221,76,N,RAD,2406484,2167996,90.09%,Lsta,Lsta,X2,NA,NA,NA,NA
KAS53.GQI132,KAS_53,139127,2017,September,Kasanga,GQI132,183,211,64,N,RAD,4421620,3987165,90.17%,Lsta,Lsta,X2,NA,NA,NA,NA
KAG04.GQI128,KAG_04,139167,2017,September,Kagunga,GQI128,269,303,172,N,RAD,3555491,3201002,90.03%,Lsta,Lsta,X1,NA,NA,NA,NA
KAG06.GQI132,KAG_06,139169,2017,September,Kagunga,GQI132,213,247,99,N,RAD,2614481,2362920,90.38%,Lsta,Lsta,X2,NA,NA,NA,NA
KAG05.GQI133,KAG_05,139168,2017,September,Kagunga,GQI133,211,241,87,N,RAD,3605881,3215164,89.16%,Lsta,Lsta,X1,NA,NA,NA,NA
KAG07.GQI132,KAG_07,139170,2017,September,Kagunga,GQI132,230,262,115,N,RAD,4562310,4122028,90.35%,Lsta,Lsta,X1,NA,NA,NA,NA
KAG08.GQI132,KAG_08,139171,2017,September,Kagunga,GQI132,223,260,101,N,RAD,3019179,2725880,90.29%,Lsta,Lsta,X1,NA,NA,NA,NA
KAG09.GQI132,KAG_09,139172,2017,September,Kagunga,GQI132,230,261,124,N,RAD,1641057,1488728,90.72%,Lsta,Lsta,X2,NA,NA,NA,NA
KAG11.GQI128,KAG_11,139174,2017,September,Kagunga,GQI128,223,257,108,N,RAD,2010870,1811687,90.09%,Lsta,Lsta,NA,NA,NA,NA,NA
KAG12.GQI128,KAG_12,139175,2017,September,Kagunga,GQI128,233,262,111,N,RAD,2658452,2395273,90.10%,Lsta,Lsta,NA,NA,NA,NA,NA
KAG13.GQI132,KAG_13,139176,2017,September,Kagunga,GQI132,220,250,97,N,RAD,2584591,2339244,90.51%,Lsta,Lsta,NA,NA,NA,NA,NA
KAG14.GQI128,KAG_14,139177,2017,September,Kagunga,GQI128,228,262,123,N,RAD,1691096,1518152,89.77%,Lsta,Lsta,NA,NA,NA,NA,NA
KAG15.GQI128,KAG_15,139178,2017,September,Kagunga,GQI128,235,271,132,N,RAD,1757157,1551017,88.27%,Lsta,Lsta,NA,NA,NA,NA,NA
KAG16.GQI132,KAG_16,139179,2017,September,Kagunga,GQI132,256,252,110,N,RAD,3791784,3409433,89.92%,Lsta,Lsta,X1,NA,NA,NA,NA
KAG17.GQI128,KAG_17,139180,2017,September,Kagunga,GQI128,250,285,139,N,RAD,1612908,1449263,89.85%,Lsta,Lsta,NA,NA,NA,NA,NA
KAG18.GQI128,KAG_18,139181,2017,September,Kagunga,GQI128,219,250,106,N,RAD,2400800,2162306,90.07%,Lsta,Lsta,NA,NA,NA,NA,NA
KAG19.GQI132,KAG_19,139182,2017,September,Kagunga,GQI132,240,270,114,N,RAD,2213857,2000268,90.35%,Lsta,Lsta,X1,NA,NA,NA,NA
KAG20.GQI132,KAG_20,139183,2017,September,Kagunga,GQI132,243,273,124,N,RAD,2913969,2629667,90.24%,Lsta,Lsta,X1,NA,NA,NA,NA
KAG20.GQI133,KAG_20,139183,2017,September,Kagunga,GQI133,243,273,124,N,RAD,2245970,2027629,90.28%,Lsta,Lsta,NA,NA,NA,NA,NA
KAG21.GQI132,KAG_21,139184,2017,September,Kagunga,GQI132,235,270,130,N,RAD,1686707,1523275,90.31%,Lsta,Lsta,NA,NA,NA,NA,NA
KAG22.GQI132,KAG_22,139185,2017,September,Kagunga,GQI132,208,243,87,N,RAD,2001467,1813537,90.61%,Lsta,Lsta,X1,NA,NA,NA,NA
KAG22.GQI133,KAG_22,139185,2017,September,Kagunga,GQI133,208,243,87,N,RAD,2610980,2331797,89.31%,Lsta,Lsta,X1,NA,NA,NA,NA
KAG23.GQI128,KAG_23,139186,2017,September,Kagunga,GQI128,192,223,74,N,RAD,2291728,2057047,89.76%,Lsta,Lsta,X2,NA,NA,NA,NA
KAG24.GQI128,KAG_24,139187,2017,September,Kagunga,GQI128,217,253,100,N,RAD,3065135,2759205,90.02%,Lsta,Lsta,X1,NA,NA,NA,NA
KAG26.GQI128,KAG_26,139189,2017,September,Kagunga,GQI128,213,241,93,N,RAD,1680942,1515247,90.14%,Lsta,Lsta,NA,NA,NA,NA,NA
KAG27.GQI128,KAG_27,139190,2017,September,Kagunga,GQI128,233,272,143,N,RAD,1018015,916790,90.06%,Lsta,Lsta,NA,NA,NA,NA,NA
KAG28.GQI128,KAG_28,139191,2017,September,Kagunga,GQI128,216,252,104,N,RAD,1734326,1560463,89.98%,Lsta,Lsta,X1,NA,NA,NA,NA